# x,y,theta
0.000000000000000000e+00,0.000000000000000000e+00,0.000000000000000000e+00
-1.163889218804664039e-22,4.977590755842322924e-24,3.894676741824468483e-25
9.065018919651681046e-08,4.084477288500955838e-06,5.834878224993827030e-09
1.058688908178851584e-07,4.084495854493032489e-06,5.317674200943930948e-09
1.291016775626214982e-07,3.917315499439268916e-06,5.463904942973960600e-09
1.393263130186866951e-07,3.747808529264083967e-06,4.958936979939700218e-09
1.440789496696139584e-07,3.603523026810985960e-06,3.463702299129496890e-09
1.468229147712752167e-07,3.481403391859825631e-06,1.057303261228798414e-09
1.486509961479288622e-07,3.375429245892341591e-06,-2.261246720303442204e-09
1.500515192260204202e-07,3.280074887088243266e-06,-6.461913926897078849e-09
1.514180670801973354e-07,3.190325506831910614e-06,-1.097685236556357499e-08
1.520687263207078186e-07,3.185607582183438768e-06,-8.086927468527026673e-09
1.523782897306223034e-07,3.185603052773746066e-06,-8.145293694055357799e-09
1.525905120072094378e-07,3.185594157529056274e-06,-8.234109474641035927e-09
1.526486268202817136e-07,3.185585615278754369e-06,-8.310655638855980611e-09
1.525807754789632100e-07,3.185577413925310393e-06,-8.376459172469049411e-09
1.524123066548411716e-07,3.185569551596986091e-06,-8.432989944395491772e-09
1.521634774743613408e-07,3.185562021444046670e-06,-8.481480497031218292e-09
1.518503798069582815e-07,3.185554812510330177e-06,-8.522962184498219230e-09
1.514858001884602513e-07,3.185547911027285134e-06,-8.558302563808376698e-09
1.510799024739629125e-07,3.185541301416767775e-06,-8.588235422327045155e-09
1.506407686784566991e-07,3.185534967056654364e-06,-8.613384818067911905e-09
1.501748280990594886e-07,3.185528890856056615e-06,-8.634284434541569572e-09
1.496871978700958103e-07,3.185523055685142634e-06,-8.651393174882680997e-09
1.491819532212647062e-07,3.185517444687797105e-06,-8.665107784491314561e-09
1.486623419973111282e-07,3.185512041505584424e-06,-8.675773086417553589e-09
1.481309548595224580e-07,3.185506830431075644e-06,-8.683690308695401097e-09
1.475898604239703064e-07,3.185501796508815643e-06,-8.689123880749286041e-09
1.470407124663556286e-07,3.185496925595023704e-06,-8.692307002039333996e-09
1.464848350203727188e-07,3.185492204386598039e-06,-8.693446227486485935e-09
1.459232899356128920e-07,3.185487620427913231e-06,-8.692725248337752190e-09
1.453569304899296073e-07,3.185483162100437722e-06,-8.690308035827989165e-09
1.447864439377377641e-07,3.185478818600402219e-06,-8.686341458995817110e-09
1.442123853280287437e-07,3.185474579908633037e-06,-8.680957480603683151e-09
1.436352043294302518e-07,3.185470436754505764e-06,-8.674275005872008357e-09
1.430552665175066557e-07,3.185466380576543404e-06,-8.666401450183787355e-09
1.424728703293754447e-07,3.185462403481361544e-06,-8.657434068906009892e-09
1.418882605127988515e-07,3.185458498202348384e-06,-8.647461103957673120e-09
1.413016388021215538e-07,3.185454658058033922e-06,-8.636562761893845000e-09
1.407131724411298481e-07,3.185450876912126934e-06,-8.624812067930663392e-09
1.401230009274303931e-07,3.185447149134273212e-06,-8.612275603005160198e-09
1.395312413966235825e-07,3.185443469563062669e-06,-8.599014152843967863e-09
1.389379929201519751e-07,3.185439833470631832e-06,-8.585083273281117138e-09
1.383433399116962322e-07,3.185436236529324626e-06,-8.570533792929117587e-09
1.377473548604565496e-07,3.185432674780458879e-06,-8.555412257402337790e-09
1.371501004997795344e-07,3.185429144604824592e-06,-8.539761322187874909e-09
1.365516315765107697e-07,3.185425642695896942e-06,-8.523620108223866470e-09
1.359519962151977571e-07,3.185422166033815852e-06,-8.507024513618262415e-09
1.353512370451637090e-07,3.185418711862237858e-06,-8.490007501006443222e-09
1.347493921058793867e-07,3.185415277666370844e-06,-8.472599350186836612e-09
1.341464955832611547e-07,3.185411861153073003e-06,-8.454827890906911064e-09
1.335425783766077075e-07,3.185408460232032618e-06,-8.436718710566250667e-09
1.329376685899716916e-07,3.185405072998729988e-06,-8.418295343439483677e-09
1.323317919204583751e-07,3.185401697718654242e-06,-8.399579442342221512e-09
1.317249719650473187e-07,3.185398332812850417e-06,-8.380590936352671536e-09
1.311172304971463041e-07,3.185394976844599861e-06,-8.361348171935227296e-09
1.305085876643709058e-07,3.185391628507082779e-06,-8.341868043643589788e-09
1.298990621728192891e-07,3.185388286612073307e-06,-8.322166111725331520e-09
1.292886714540754751e-07,3.185384950080032612e-06,-8.302256713205493056e-09
1.286774317661645510e-07,3.185381617930195220e-06,-8.282153058242160929e-09
1.280653583300063960e-07,3.185378289272317221e-06,-8.261867322470423064e-09
1.274524654012340424e-07,3.185374963298546872e-06,-8.241410730753001251e-09
1.268387663450426430e-07,3.185371639276017714e-06,-8.220793631284673882e-09
1.262242737412945854e-07,3.185368316540748243e-06,-8.200025568179118402e-09
1.256089993963551376e-07,3.185364994490897833e-06,-8.179115344250045408e-09
1.249929544193351533e-07,3.185361672581533766e-06,-8.158071079070195212e-09
1.243761492715680928e-07,3.185358350319644327e-06,-8.136900265536246029e-09
1.237585938149064923e-07,3.185355027259380596e-06,-8.115609817668802254e-09
1.231402973434017366e-07,3.185351702997825093e-06,-8.094206116429787968e-09
1.225212686159828023e-07,3.185348377171134815e-06,-8.072695053106079871e-09
1.219015158910779619e-07,3.185345049450925254e-06,-8.051082065284690619e-09
1.212810469605645789e-07,3.185341719541207098e-06,-8.029372175300222955e-09
1.206598691714171787e-07,3.185338387175280167e-06,-8.007570020888083826e-09
1.200379894344047835e-07,3.185335052112905162e-06,-7.985679885617926539e-09
1.194154143026773312e-07,3.185331714138394463e-06,-7.963705726859335214e-09
1.187921499109115470e-07,3.185328373057549672e-06,-7.941651200580957628e-09
1.181682020830272362e-07,3.185325028696529135e-06,-7.919519685816527467e-09
1.175435762838717706e-07,3.185321680899233997e-06,-7.897314304667830265e-09
1.169182776719167874e-07,3.185318329525974973e-06,-7.875037943843272263e-09
1.162923111121862944e-07,3.185314974451956158e-06,-7.852693271371971265e-09
1.156656811759995556e-07,3.185311615565613147e-06,-7.830282754164056590e-09
1.150383921735541988e-07,3.185308252767546626e-06,-7.807808673553996615e-09
1.144104481471012215e-07,3.185304885969212428e-06,-7.785273138970684847e-09
1.137818529220674785e-07,3.185301515092084669e-06,-7.762678102138124295e-09
1.131526100846784352e-07,3.185298140066483455e-06,-7.740025368313604191e-09
1.125227230081344368e-07,3.185294760830704976e-06,-7.717316607373045163e-09
1.118921948581203266e-07,3.185291377330338802e-06,-7.694553364534388372e-09
1.112610286035058548e-07,3.185287989517341646e-06,-7.671737069665078082e-09
1.106292270467754163e-07,3.185284597349776483e-06,-7.648869047023266471e-09
1.099967927895062700e-07,3.185281200790563601e-06,-7.625950520009610553e-09
1.093637282964706819e-07,3.185277799807702093e-06,-7.602982622859221989e-09
1.087300358562993449e-07,3.185274394373164062e-06,-7.579966405506086312e-09
1.080957176183887345e-07,3.185270984462748932e-06,-7.556902839170891299e-09
1.074607755851331290e-07,3.185267570055590045e-06,-7.533792823365986143e-09
1.068252116398216129e-07,3.185264151133898861e-06,-7.510637190856981161e-09
1.061888114764798438e-07,3.185260725083163348e-06,-7.487411076334023361e-09
1.055517744927932919e-07,3.185257294374397993e-06,-7.464139917633156152e-09
1.049141187004932168e-07,3.185253859074713216e-06,-7.440825406294988412e-09
1.042758468782761519e-07,3.185250419183767241e-06,-7.417468222955923673e-09
1.036371764902641059e-07,3.185246977296245178e-06,-7.394094561541166623e-09
1.029979110121267209e-07,3.185243530924699251e-06,-7.370680207190670404e-09
1.023580350627090953e-07,3.185240079988351317e-06,-7.347224599616822650e-09
1.017175482913150648e-07,3.185236624476689273e-06,-7.323728106428211736e-09
1.010764515326778243e-07,3.185233164386020480e-06,-7.300191141262288273e-09
1.004347456558740625e-07,3.185229699714080818e-06,-7.276614093740231951e-09
9.979243143808796776e-08,3.185226230459088553e-06,-7.252997324151147309e-09
9.914950963080425923e-08,3.185222756620336836e-06,-7.229341165981987358e-09
9.850598086295816160e-08,3.185219278197080279e-06,-7.205645927285340566e-09
9.786184574969197387e-08,3.185215795189548427e-06,-7.181911892887429035e-09
9.721710482604614063e-08,3.185212307598162256e-06,-7.158139326757449072e-09
9.657175856112650013e-08,3.185208815423506218e-06,-7.134328471631651519e-09
9.592580739797662653e-08,3.185205318666690350e-06,-7.110479551932600276e-09
9.527925170450207761e-08,3.185201817328808172e-06,-7.086592775498276732e-09
9.463209180226120352e-08,3.185198311411103551e-06,-7.062668333377092008e-09
9.398432797735993598e-08,3.185194800915005856e-06,-7.038706401615808896e-09
9.333596046209625344e-08,3.185191285841931749e-06,-7.014707142574964178e-09
9.268698946207806003e-08,3.185187766193487629e-06,-6.990670705815656695e-09
9.203741513530251726e-08,3.185184241971107944e-06,-6.966597228119757855e-09
9.138723759385930824e-08,3.185180713176209359e-06,-6.942486836004323145e-09
9.073645692991856133e-08,3.185177179810280110e-06,-6.918339644954581464e-09
9.008507318940101635e-08,3.185173641874610228e-06,-6.894155760911563205e-09
8.943308640495706702e-08,3.185170099370629505e-06,-6.869935281104247264e-09
8.878049655139140069e-08,3.185166552299354803e-06,-6.845678293982744693e-09
8.812730360856672225e-08,3.185163000662049473e-06,-6.821384879827762898e-09
8.747350750237412067e-08,3.185159444459610099e-06,-6.797055112619502773e-09
8.681910814926720265e-08,3.185155883692973076e-06,-6.772689059038518817e-09
8.616410542031545692e-08,3.185152318362726667e-06,-6.748286778651704904e-09
8.550849919684436627e-08,3.185148748469619228e-06,-6.723848325942119409e-09
8.485228931536385314e-08,3.185145174014115778e-06,-6.699373749889957840e-09
8.419547558858003042e-08,3.185141594996463652e-06,-6.674863093987011130e-09
8.353805781660813091e-08,3.185138011416870372e-06,-6.650316396861076156e-09
8.288003579170345108e-08,3.185134423275523556e-06,-6.625733693691284104e-09
8.222140927454973569e-08,3.185130830572223729e-06,-6.601115013597731034e-09
8.156217800188148174e-08,3.185127233306687134e-06,-6.576460382900017774e-09
8.090234171207407432e-08,3.185123631478628320e-06,-6.551769824109961473e-09
8.024190012440422463e-08,3.185120025087553469e-06,-6.527043356519103947e-09
7.958085294197718349e-08,3.185116414132850174e-06,-6.502280996118011107e-09
7.891919985965054926e-08,3.185112798613824292e-06,-6.477482755908615531e-09
7.825694054333017535e-08,3.185109178529458961e-06,-6.452648645797156962e-09
7.759407466606557927e-08,3.185105553878858867e-06,-6.427778673327481228e-09
7.693060187911896326e-08,3.185101924660846209e-06,-6.402872843791826195e-09
2.106662118086340450e-07,3.184786843371666419e-06,-7.479829509566788863e-09
5.050240251283491500e-07,3.184494483700384187e-06,-1.267535971063059918e-08
9.774880476835167402e-07,3.126251170704721818e-06,4.191927632337990276e-08
1.615609476251648093e-06,3.126089586520403215e-06,2.807726300757108655e-08
2.468517035479226065e-06,3.050102748988362556e-06,1.113767569614802476e-07
3.516511470142467573e-06,3.006135955355803801e-06,1.623410639420395519e-07
4.794782772118707434e-06,2.945318146744167530e-06,2.488169168801960972e-07
6.343212101922665636e-06,2.858336232290858780e-06,3.855372528911132639e-07
8.162135635497749539e-06,2.774633812136351468e-06,5.373905142969474455e-07
1.029513254193781212e-05,2.679454734246722746e-06,7.252661302165014353e-07
1.279213431910419307e-05,2.571332591184456683e-06,9.405666057719576947e-07
1.569103129135104041e-05,2.451048068394857750e-06,1.189697923541199210e-06
1.903328133680948610e-05,2.318606475895902519e-06,1.478626009422943589e-06
2.286870413563590529e-05,2.172610831426828128e-06,1.813250210362972764e-06
2.725271087299729027e-05,2.011591382883223078e-06,2.200030893152969754e-06
3.224472479286714737e-05,1.834344613099064425e-06,2.646135192541141959e-06
3.790980605747745069e-05,1.639559558597535564e-06,3.159310457547124946e-06
4.432053144758138616e-05,1.425512959827887512e-06,3.748325298713888518e-06
5.155920707980887247e-05,1.190059462236144485e-06,4.423768571048691184e-06
5.972037537160358267e-05,9.307239350739295046e-07,5.198318132038002958e-06
6.891089810619691741e-05,6.557171655756707333e-07,6.067062277890038677e-06
7.930074420823129825e-05,3.651245282832736427e-07,7.029939548028329140e-06
9.112925323676596286e-05,6.239101781120274032e-08,8.096111830976272607e-06
1.047455769970995822e-04,-2.524277574670635567e-07,9.276287277533317281e-06
1.206363939624963621e-04,-5.764942312271358467e-07,1.058760587927730155e-05
1.393903584833362016e-04,-9.146248467690312943e-07,1.202960696892608130e-05
1.616308076923371755e-04,-1.277256815237340092e-06,1.359358424840981423e-05
1.879653996441144666e-04,-1.677077873753647452e-06,1.526068846842017191e-05
2.189462874774665828e-04,-2.123789975309926447e-06,1.699317071931173224e-05
2.766128177941354436e-04,-7.327414971796491893e-07,1.721933790863899944e-05
3.527698432864181358e-04,5.282628500657326241e-07,1.750420881860932634e-05
4.424102209566415614e-04,1.582668269618739030e-06,1.779511876556751491e-05
5.432742452625058914e-04,2.430620190893544205e-06,1.808710100551877650e-05
6.551053131294981438e-04,3.104625687453963072e-06,1.840242572989669347e-05
7.789838849954859850e-04,3.655694526617411468e-06,1.875167433522002881e-05
9.167761045089029481e-04,4.140427074022470883e-06,1.912913406486060861e-05
1.070766772372746829e-03,4.605857985888599158e-06,1.952218659309478977e-05
1.243467687653752136e-03,5.077973997958460907e-06,1.991416437405582921e-05
1.437552267524793044e-03,5.559899863423655330e-06,2.028807996802494846e-05
1.655860768797182700e-03,6.037742309253535461e-06,2.063336302745761327e-05
1.901433362284523027e-03,6.489516843226191342e-06,2.094951559260100517e-05
2.177543385220584264e-03,6.893664149772211171e-06,2.124330326591544171e-05
2.487711100148336327e-03,7.234315743039579693e-06,2.152271455468696051e-05
2.835706070298653087e-03,7.503233066407901308e-06,2.179276648207619752e-05
3.225546187554232270e-03,7.642508243368613949e-06,2.266279595067917390e-05
3.661504667598376207e-03,7.614219398806954886e-06,2.417505579707897784e-05
4.148113533080852178e-03,7.502951338270205493e-06,2.566067506506255030e-05
4.690193381831201692e-03,7.335349002761714259e-06,2.709335747365243462e-05
5.292868813656616093e-03,7.117813476011914396e-06,2.847830719380775930e-05
5.860827061492243466e-03,1.111647476470884602e-06,2.933968189946720490e-05
6.411698245929130756e-03,-6.596738699497806948e-06,2.819743797867837082e-05
6.929394857944131715e-03,-6.378336698599265134e-06,2.885746864784443058e-05
7.430964745264488983e-03,-5.904377680185550286e-06,2.949852291511344984e-05
7.923582737942974283e-03,-5.524602721907664871e-06,3.010385849958654766e-05
8.408987356867687890e-03,-5.293851130729376480e-06,3.066384993759452862e-05
8.900505841189424935e-03,-5.054895464015361939e-06,3.117599889195149293e-05
9.409188209708641698e-03,-4.804261768699475694e-06,3.163081314761757932e-05
9.944450892886546461e-03,-4.552279778124882871e-06,3.201497416861663278e-05
1.051369298895497503e-02,-4.336242135700202478e-06,3.231232095791377522e-05
1.112355455455057290e-02,-4.171881617031857275e-06,3.250544650703289360e-05
1.178075914805150684e-02,-4.264997142907837886e-06,3.445565124943560613e-05
1.249217690976031810e-02,-4.500051871154234452e-06,3.640805716397493001e-05
1.326485483142251023e-02,-4.765581032328837215e-06,3.811989123101682116e-05
1.410606562492445690e-02,-5.044409892576341787e-06,3.961560448305972352e-05
1.502333101412811275e-02,-5.242191562227317452e-06,4.040631211039363380e-05
1.589702196679735127e-02,-6.744216382917791619e-06,4.299044700375866075e-05
1.674944264087726079e-02,-5.161141230823031712e-06,4.548606022463368175e-05
1.760054050653144658e-02,-5.335946616299261537e-06,4.553315042322015059e-05
1.846358676275535599e-02,-5.586932009811694093e-06,4.548236031062224938e-05
1.935308859275526594e-02,-5.871594378305692890e-06,4.534280995620659717e-05
2.028011010676243620e-02,-6.164648267590358342e-06,4.512087536745137831e-05
2.125480327951471612e-02,-6.644934768227969200e-06,4.613465080656852370e-05
2.228704209095334551e-02,-7.074460090030025256e-06,4.703849868702376301e-05
2.338660291108446074e-02,-7.413056487200766750e-06,4.784277777500051918e-05
2.456377100057170401e-02,-7.718965160724895831e-06,4.857772706405137240e-05
2.582883216364451756e-02,-8.086929855839502835e-06,4.976142084951370586e-05
2.705463760700839090e-02,-5.574110766612481274e-07,5.249241987121547808e-05
2.825950008426056370e-02,-1.714094284907642860e-06,5.288527193519715152e-05
2.947941434796656768e-02,-3.133136222636081949e-06,5.324217570446305330e-05
3.074251416458255795e-02,-4.441771946073828305e-06,5.465066220718133608e-05
3.206235109080016882e-02,-5.633927392633991258e-06,5.576768208343632535e-05
3.345169699043622213e-02,-6.763022450892094464e-06,5.655591865372900469e-05
3.492320725767622536e-02,-7.863140399890885382e-06,5.700997995667893015e-05
3.648939636435061945e-02,-8.957615488209829405e-06,5.719687247263071473e-05
3.801090259058884091e-02,-1.090622773062161956e-06,5.932946606867449255e-05
3.953866337955515287e-02,-2.611834557724704471e-06,5.917481777487662402e-05
4.111160279166004711e-02,-4.505050463444554922e-06,5.999220886085764292e-05
4.274614193467077272e-02,-6.243897265264032218e-06,6.051628028384728030e-05
4.445728821146920084e-02,-7.864011164215471477e-06,6.069384557739311510e-05
4.625967245542114692e-02,-9.409021156270668657e-06,6.057711412639898426e-05
4.801981346527920552e-02,-1.900020257314158126e-05,6.112586339664090676e-05
4.978180630318743832e-02,-1.829899652895471259e-05,5.967818159469770754e-05
5.159206665778796885e-02,-1.761777494635911198e-05,6.006053422757349223e-05
5.347073433737440512e-02,-1.710415440328817707e-05,6.036995767303788755e-05
5.543420260713837616e-02,-1.671612171196184616e-05,6.071645924534178706e-05
5.735213445810506683e-02,-7.744665431868794290e-06,6.275009342239850024e-05
5.928247370058885302e-02,-8.615003691738493767e-06,6.239396122386960781e-05
6.126188849016951654e-02,-1.010096264730682166e-05,6.319776894689675521e-05
6.330976858232591209e-02,-1.158033605362759226e-05,6.362532929016508315e-05
6.544381212280878102e-02,-1.307067175009508228e-05,6.359859059602497621e-05
6.753276529165040676e-02,-2.276538192505800920e-05,6.428730462814711915e-05
6.964114439518258315e-02,-2.189012338057980630e-05,6.268114386418300926e-05
7.180523971258467864e-02,-2.113020418457199677e-05,6.325258916802127865e-05
7.404533714867794769e-02,-2.055667436351678784e-05,6.368011548765634415e-05
7.637979628271289456e-02,-2.011915970186953166e-05,6.412198766309958498e-05
7.865823162250190625e-02,-1.061170881119934779e-05,6.616547544342912075e-05
8.097067589801212883e-02,-1.184061624135345639e-05,6.732643657036721757e-05
8.335367598782565668e-02,-1.359077831405799409e-05,6.801707190299502871e-05
8.582732289842710804e-02,-1.537818499315784764e-05,6.812241270134829782e-05
8.825195178513804695e-02,-2.575227864080890580e-05,6.879750919079982057e-05
9.070131290268326762e-02,-2.538356286004697635e-05,7.011880430879687356e-05
9.322177217951850559e-02,-2.471383095072448704e-05,7.096623370135026181e-05
9.583408847640947914e-02,-2.419414991813142242e-05,7.164371734716988365e-05
9.839231048350613462e-02,-1.450746144012369254e-05,7.377948316106821495e-05
1.009888814226499731e-01,-1.567708295436284012e-05,7.523583548585222145e-05
1.036616274480043343e-01,-1.744586106182126049e-05,7.616781926430498762e-05
1.064313776793533034e-01,-1.945423849603505521e-05,7.714259385175433923e-05
1.091542223810765266e-01,-1.074763925520150322e-05,7.916798746882273052e-05
1.119252450101950458e-01,-1.311146363403754957e-05,8.050644537382082222e-05
1.147815101122912351e-01,-1.593418622983177086e-05,8.114457812222056806e-05
1.177432758378452876e-01,-1.870038330989855886e-05,8.106379254827435665e-05
1.206636161576024185e-01,-3.078632993816373092e-05,8.122950572111433624e-05
1.236473483063196266e-01,-3.078702072542588718e-05,8.226213359184634524e-05
1.267285565812083514e-01,-3.029272283002703190e-05,8.302442897927302600e-05
1.295957042148890570e-01,-1.639456537615750710e-04,-7.954100586658839752e-04
1.324948559669079651e-01,-1.249139551998066635e-04,-3.795051850966321195e-04
1.353601264476100297e-01,2.380427596175648626e-04,1.351990455033634216e-03
1.382984616712015224e-01,6.975055980711831376e-04,3.259476730358563425e-03
1.413462758817775888e-01,1.179724865678088725e-03,5.935211751730431508e-03
1.443525141679651014e-01,1.823771194309468545e-03,9.482401930969686435e-03
1.472275546890843556e-01,2.651880706050085707e-03,1.335087484498443181e-02
1.501322529972420605e-01,3.592590543223990636e-03,1.797523788405421680e-02
1.529210536409805754e-01,4.783765245790215156e-03,2.331118858893314535e-02
1.558593477100257141e-01,5.783911714185510297e-03,2.815424121303975943e-02
1.587060328289898736e-01,6.905333017852864630e-03,3.344924285714939022e-02
1.614564818645334299e-01,8.163752148067285677e-03,3.903021623679767127e-02
1.642080050143547854e-01,9.420941310575919533e-03,4.486492180092425258e-02
1.667875493655434915e-01,1.078558425157119527e-02,5.082583273461192125e-02
1.693651670182595437e-01,1.222374347102873036e-02,5.715517282961147388e-02
1.718079247680785460e-01,1.361642040029887799e-02,6.302520686403119410e-02
1.743435659631992762e-01,1.506317828075853620e-02,6.945784972735837004e-02
1.767233331274645214e-01,1.656615049861394004e-02,7.602956353433600045e-02
1.792535376037681372e-01,1.802251306982160031e-02,8.248243290843348952e-02
1.816030593656225989e-01,1.956804594615358869e-02,8.885208179521855709e-02
1.840032171332966759e-01,2.120997819431395467e-02,9.583979049536711647e-02
1.862095097229112817e-01,2.288617283951960985e-02,1.026297031430397355e-01
1.886063195019264394e-01,2.449533933183884252e-02,1.096268592799093111e-01
1.908364105356724627e-01,2.625534583162177082e-02,1.162762281021079425e-01
1.929698896229310456e-01,2.802066300424273931e-02,1.232231450085658486e-01
1.949652137087010961e-01,2.974312036335236345e-02,1.300029965013723976e-01
1.971306124253234537e-01,3.149739677270319699e-02,1.366710948372097945e-01
1.991486504173922145e-01,3.329039783690580789e-02,1.432514679032154403e-01
2.013132478261474290e-01,3.508714553413726928e-02,1.498948179320403473e-01
2.032466503431687166e-01,3.695682432816431440e-02,1.562357703323353497e-01
2.052357793751695691e-01,3.887317296589484078e-02,1.623117315402024252e-01
2.073091467176925995e-01,4.070948002572361696e-02,1.696518202085147142e-01
2.096330525160002012e-01,4.268716051402945272e-02,1.765282658592264020e-01
2.096330525160002012e-01,4.268716051402945272e-02,1.765282658592264020e-01
2.118856752809539223e-01,4.463992172145560267e-02,1.814270102820365327e-01
2.143258325426436184e-01,4.639477239604003489e-02,1.866798920439418918e-01
2.166441665196480459e-01,4.815265572949981032e-02,1.926968093988296604e-01
2.189583183658846133e-01,4.993990540209274076e-02,1.987832308752190413e-01
2.211682808194469774e-01,5.187252913349528483e-02,2.048684983613627275e-01
2.233526012492943746e-01,5.384788223506206672e-02,2.113258280475059925e-01
2.255547867466276557e-01,5.588977207163397382e-02,2.176651617411847206e-01
2.277839172990057670e-01,5.798631472152496885e-02,2.246030382228257072e-01
2.299836954298163649e-01,6.022704518079773084e-02,2.316104071991647861e-01
2.320951356871453486e-01,6.242201514962772424e-02,2.382228071973644667e-01
2.341417221810666582e-01,6.462980812442589706e-02,2.453703913513043400e-01
2.359383842812505239e-01,6.679769022515874566e-02,2.528583263979401474e-01
2.379960906833346046e-01,6.903866970625648081e-02,2.593054682617408346e-01
2.398879706211627105e-01,7.133207123719860487e-02,2.655694760806637800e-01
2.418073300411919258e-01,7.372633761212246672e-02,2.720011582741905798e-01
2.437603539410768683e-01,7.616232943191277027e-02,2.781782353968864641e-01
2.457319672649594111e-01,7.862677478113985763e-02,2.847177894625778083e-01
2.476388129186996301e-01,8.114728255169212368e-02,2.912770006175184889e-01
2.495315921187610253e-01,8.369584426498452578e-02,2.979613721066794452e-01
2.513234693661803854e-01,8.612797973662110473e-02,3.049645269113034352e-01
2.532622344907675682e-01,8.862297316237020828e-02,3.119780306081565979e-01
2.551466322220131699e-01,9.127155104029614774e-02,3.192155579393312070e-01
2.569200716962557474e-01,9.393832516986221071e-02,3.260070404663645838e-01
2.588032770457338594e-01,9.655105455883555843e-02,3.332935457826459724e-01
2.604753317731020590e-01,9.911754536496737711e-02,3.413280622607262060e-01
2.620708625593257124e-01,1.016033019749204291e-01,3.493322934317878992e-01
2.637652186375479268e-01,1.040901791022930678e-01,3.572532414378637444e-01
2.651469879920167472e-01,1.065281849961438043e-01,3.662171439437991172e-01
2.665531611486018915e-01,1.089351630060862441e-01,3.751797230694829954e-01
2.682120652492848700e-01,1.114573594917078053e-01,3.825736610158753659e-01
2.697777235928551232e-01,1.140541101797847151e-01,3.899544690166988348e-01
2.697777235928551232e-01,1.140541101797847151e-01,3.899544690166988348e-01
2.714817860841053920e-01,1.167402509158595031e-01,3.971497295272142236e-01
2.730416376842566550e-01,1.194854763933014680e-01,4.039442642680388662e-01
2.743827574876516184e-01,1.221977222868918800e-01,4.109271445247672516e-01
2.758879062935892801e-01,1.250043093470230571e-01,4.173931769888898913e-01
2.773037898627607190e-01,1.278997971364644326e-01,4.237580961308293204e-01
2.788399249413567871e-01,1.308849453387134765e-01,4.304999161798399587e-01
2.803146028855580396e-01,1.339094903795569613e-01,4.372441262654700456e-01
2.817536446686390583e-01,1.370394951380882742e-01,4.440335017753607727e-01
2.817536446686390583e-01,1.370394951380882742e-01,4.440335017753607727e-01
2.830806284822839913e-01,1.402717673472829996e-01,4.506332760142531813e-01
2.845143236338312787e-01,1.435351371192927494e-01,4.568364834503703120e-01
2.858871879809605221e-01,1.468871945475880014e-01,4.633352177699953112e-01
2.872998887439575100e-01,1.502268758876353916e-01,4.699991643876016423e-01
2.887638767957034225e-01,1.535885268237707213e-01,4.771457586514445404e-01
2.902843339255757882e-01,1.570010281769226856e-01,4.846247482533207473e-01
2.917890219388588613e-01,1.603950807019507985e-01,4.925195096341251078e-01
2.932656390757986675e-01,1.638589286849146398e-01,5.006361270014931808e-01
2.945715966520138229e-01,1.673386525731016261e-01,5.084513470747330510e-01
2.960225262926972079e-01,1.709026563362480433e-01,5.161821320110391298e-01
2.976127870301401579e-01,1.744766735992682727e-01,5.252294231620325826e-01
2.992960037959490061e-01,1.779978073436890851e-01,5.349166625366509331e-01
3.009799865276276964e-01,1.815276812919196514e-01,5.450779402993733980e-01
3.026230476518870227e-01,1.851214978320840920e-01,5.548898653722844632e-01
3.042556201289368101e-01,1.886792616614378915e-01,5.655609311527105554e-01
3.057398614845922014e-01,1.923362520709959167e-01,5.754060738346292725e-01
3.071226134524379647e-01,1.961564542875314510e-01,5.855631925889132061e-01
3.087061475704201974e-01,2.000608405695389058e-01,5.951884999557061073e-01
3.105808340895420128e-01,2.039934914387680487e-01,6.039119510433694771e-01
3.126532320758534933e-01,2.079318060274039370e-01,6.114736658388848500e-01
3.145563398196535299e-01,2.120216871152648674e-01,6.186451896269058448e-01
3.165970776550990906e-01,2.162037369329899428e-01,6.264595843084944660e-01
3.186116219106432945e-01,2.204290942535840625e-01,6.355542383102450454e-01
3.205033436565641880e-01,2.246780650721295070e-01,6.435696330217386407e-01
3.222417420989102110e-01,2.289515696569622283e-01,6.517184655422201267e-01
3.238124377200324311e-01,2.332237934464572449e-01,6.605741433811684882e-01
3.254730324914024697e-01,2.375598859164680665e-01,6.695544510124796789e-01
3.271060689167344382e-01,2.420417743466287686e-01,6.787830792245252987e-01
3.285740316442874454e-01,2.466156761897606020e-01,6.883232888964196938e-01
3.300407754845848807e-01,2.512312829591648589e-01,6.981320164765972835e-01
3.316320595096541313e-01,2.558235401746098980e-01,7.094145329719776516e-01
3.330835138280698882e-01,2.604746703595749446e-01,7.203469174376825324e-01
3.343771959535467020e-01,2.652589478147335256e-01,7.307397708966417715e-01
3.357318385799035187e-01,2.700544907219234458e-01,7.422796802717199771e-01
3.370883956547692795e-01,2.748667882198568835e-01,7.556337993006830844e-01
3.385103321329185899e-01,2.797238953856561183e-01,7.680398970499943134e-01
3.398610047698368830e-01,2.847096848161455585e-01,7.793289871409556646e-01
3.412532024167965750e-01,2.897874003605771520e-01,7.905324034226295371e-01
3.429373647724220375e-01,2.950353450701028724e-01,8.012897254521386126e-01
3.449807609485320836e-01,3.003520011012725810e-01,8.112934852049763501e-01
3.472990695763135682e-01,3.056485903982296692e-01,8.208141972660514263e-01
3.496707430018354268e-01,3.110015811469136193e-01,8.296116240305997369e-01
3.522007226883741571e-01,3.162696671501483703e-01,8.385920299867839489e-01
3.548203346120422097e-01,3.216371779533764852e-01,8.471176781162564895e-01
3.577882740647662096e-01,3.269635235615137026e-01,8.542185420912069560e-01
3.606792025620352837e-01,3.323250760617838528e-01,8.604846935758925230e-01
3.639290770227235905e-01,3.376862539259359308e-01,8.654548638663764892e-01
3.673228924116545557e-01,3.430386483791765251e-01,8.703423644294805417e-01
3.706843418978179039e-01,3.485293903723566955e-01,8.756741595977283188e-01
3.743131334913728514e-01,3.539770268828339450e-01,8.799146266643504966e-01
3.780769950345164720e-01,3.594306735901852679e-01,8.841899238336160538e-01
3.817118790694942199e-01,3.649916199685033780e-01,8.876862634403788199e-01
3.855176391853679108e-01,3.704883572808620462e-01,8.908637908987387943e-01
3.893230954321051374e-01,3.759981101279643578e-01,8.935271220839481332e-01
3.930116066895239513e-01,3.816619259548817422e-01,8.960497779779721395e-01
3.969611849489978472e-01,3.872658201029214320e-01,8.981439644096087527e-01
4.010031432152947883e-01,3.928667900649139844e-01,9.003345520712462413e-01
4.050300495760678632e-01,3.985512234125601627e-01,9.030464628021873663e-01
4.090715086157558078e-01,4.043481558854685187e-01,9.046835612292174478e-01
4.133383202246300736e-01,4.100023730121059584e-01,9.061662748115559829e-01
4.175423096761995967e-01,4.159085456450389851e-01,9.078163983213379806e-01
4.217493267134136414e-01,4.218357826739623784e-01,9.090594438542148881e-01
4.261357346670657797e-01,4.277498294621273622e-01,9.101748593492201556e-01
4.305591641797099078e-01,4.335587267849811410e-01,9.111916118627424455e-01
4.348928061749606222e-01,4.395152903910005682e-01,9.119490357626988120e-01
4.392099517709349144e-01,4.454634980228384666e-01,9.126614052408207334e-01
4.436732840374076892e-01,4.513699965297798267e-01,9.134386951854621683e-01
4.482636234164850131e-01,4.573059676951834462e-01,9.142710679316241595e-01
4.528564301670019443e-01,4.633761299831563596e-01,9.150861246868138288e-01
4.573443522551987606e-01,4.695503412032092649e-01,9.156006351874433902e-01
4.620209712088624854e-01,4.757683580149922875e-01,9.161181919896979053e-01
4.666528358982440783e-01,4.819571065569628887e-01,9.166123774838174088e-01
4.715394981232823302e-01,4.882205888336055288e-01,9.148797764232787788e-01
4.764076693717376187e-01,4.945555819963903810e-01,9.151801218553250461e-01
4.810430001166131619e-01,5.010305989847365638e-01,9.165015797887549054e-01
4.853592060666084840e-01,5.077508349411293809e-01,9.203539402118940949e-01
4.895008846173478645e-01,5.145630984675859665e-01,9.249407359170135345e-01
4.931838891462373975e-01,5.214584141237020853e-01,9.315540675336523302e-01
4.964043795932259195e-01,5.283787502275335557e-01,9.404910894117923803e-01
4.992233210158353307e-01,5.353007021054537740e-01,9.501966367973742056e-01
5.018030113736670073e-01,5.422405174573550202e-01,9.610813773246916769e-01
5.040972801491360178e-01,5.491957202094669421e-01,9.735009432218709735e-01
5.061907999492548660e-01,5.563704763219757821e-01,9.867671370803051678e-01
5.081911129330799470e-01,5.636338183843268013e-01,9.998573369230627783e-01
5.094815786523080314e-01,5.709284083223307160e-01,1.015051181120323331e+00
5.105978865046559845e-01,5.783489359935760632e-01,1.030260968558656343e+00
5.114578554749873440e-01,5.857764405861956014e-01,1.045361944306255397e+00
5.120901975439280385e-01,5.932022312169180633e-01,1.060696246983960922e+00
5.126155606003004461e-01,6.006762183984496462e-01,1.077173965500739072e+00
5.129175082074288738e-01,6.082060545247585104e-01,1.094282250458628702e+00
5.131198435306539851e-01,6.158342491629897886e-01,1.111776469296036352e+00
5.131933873086034215e-01,6.234830675137922329e-01,1.129092686749721519e+00
5.128073324541960742e-01,6.310473767479960472e-01,1.147651325318473914e+00
5.121967637135875773e-01,6.385775566816478399e-01,1.166071567559602062e+00
5.113606426904927504e-01,6.460260999114669778e-01,1.184655644002229780e+00
5.103834039066454942e-01,6.532793926240618720e-01,1.202631415939870996e+00
5.094129044993739308e-01,6.605518067105460300e-01,1.221109231456113386e+00
5.082139914079690790e-01,6.679382471806117882e-01,1.240556577887728995e+00
5.070312873750173477e-01,6.753330500809763270e-01,1.259540298029834915e+00
5.055675345510960428e-01,6.823984161696218242e-01,1.277895082698396800e+00
5.040246315018973577e-01,6.894168377911088497e-01,1.297132719455900807e+00
5.021788209036185391e-01,6.962251778672281510e-01,1.316117851579482467e+00
5.003143361350910201e-01,7.030567556429534459e-01,1.335103618326631603e+00
4.982949200269952139e-01,7.096073638220514734e-01,1.354078858409989872e+00
4.962302061834007461e-01,7.162731894781646513e-01,1.372991341100898044e+00
4.939857622576864782e-01,7.230281170713651617e-01,1.392001511495905453e+00
4.916691454541812778e-01,7.297023365939572237e-01,1.411232777163242691e+00
4.892441748275824787e-01,7.362824401561661736e-01,1.430874422295188575e+00
4.865758152663978153e-01,7.428482561998426270e-01,1.449625905303315587e+00
4.836505817455056255e-01,7.490754599236711941e-01,1.467889208328656769e+00
4.806602908106300531e-01,7.552009564709764033e-01,1.486009077979223880e+00
4.776258607544472401e-01,7.612981297325334129e-01,1.503931717273109037e+00
4.744910147148346802e-01,7.672900541453956391e-01,1.521597423302360808e+00
4.712714966900141134e-01,7.732566429937337560e-01,1.540361817863670213e+00
4.679629011832201479e-01,7.792488325551334416e-01,1.558970395206995541e+00
4.643549447353884085e-01,7.851760701894578975e-01,1.577992485093739239e+00
4.607230805682395181e-01,7.910973714372083743e-01,1.596674877181043950e+00
4.569421415524878016e-01,7.968897215847567939e-01,1.615074039560305597e+00
4.529651732473343184e-01,8.025436724293354418e-01,1.632933501668439868e+00
4.490280447134955555e-01,8.082470155450853788e-01,1.651669608159682223e+00
4.448747266586316473e-01,8.135372239753273504e-01,1.669786773869694319e+00
4.405929702493133204e-01,8.188091353540359885e-01,1.686817670018322390e+00
4.362370011431165318e-01,8.240775782250377990e-01,1.703502545302270743e+00
4.317563580881144114e-01,8.293340147248265959e-01,1.722042162152942923e+00
4.272617036151338255e-01,8.345437083237479126e-01,1.740567171883971920e+00
4.225638630152030450e-01,8.395106167524141183e-01,1.757561147899475040e+00
4.177566057375947106e-01,8.444927158876914808e-01,1.775092150876704800e+00
4.128051912058700035e-01,8.494987062570412695e-01,1.792394954129283402e+00
4.077919340976212115e-01,8.545866115117668471e-01,1.811502360252823074e+00
4.025587373009517633e-01,8.594951670474412220e-01,1.829181600453744450e+00
3.973712757014563612e-01,8.646074380904275047e-01,1.845128243403916457e+00
3.922144976457090371e-01,8.696930636307890206e-01,1.860387885151183029e+00
3.873273802800625276e-01,8.750785188473733101e-01,1.875103644111065559e+00
3.822998273565776928e-01,8.803825209064465307e-01,1.889859477916990382e+00
3.772145974573080651e-01,8.856300044386135051e-01,1.904562204797436653e+00
3.722900736725965887e-01,8.913445028569191297e-01,1.918217780310562892e+00
3.673376310290774605e-01,8.972375299162832496e-01,1.930630269901861595e+00
3.623278979198382155e-01,9.031707180902477372e-01,1.942438570019819677e+00
3.574688167869038979e-01,9.093916452702693887e-01,1.951849650972345307e+00
3.529230910417391343e-01,9.160326520726473909e-01,1.958249448368906132e+00
3.485584086765791678e-01,9.230805935247161642e-01,1.964957513972582781e+00
3.440938694721253910e-01,9.301986579278467282e-01,1.971513426648921596e+00
3.397398218899704836e-01,9.374834509974742103e-01,1.977054271256887485e+00
3.354537879775441600e-01,9.450354468851662748e-01,1.982280141934511519e+00
3.311793980041916052e-01,9.527050544490835993e-01,1.987216965104082300e+00
3.268620082077065558e-01,9.604191462971123361e-01,1.991656641988821752e+00
3.226020731820218868e-01,9.682055226136245807e-01,1.995813981134562765e+00
3.181773148934013973e-01,9.759688515341155002e-01,1.998986924831594125e+00
3.135395149870844889e-01,9.838056562119978921e-01,2.001987704059723594e+00
3.090075727839580177e-01,9.918610183108670375e-01,2.004670888782879246e+00
3.044052634070136265e-01,9.999163876959284991e-01,2.007312662644863188e+00
3.000387527285378608e-01,1.008078052691745219e+00,2.009970347072744357e+00
2.956136605050687649e-01,1.016186135335091612e+00,2.012925917761046790e+00
2.910593770910285816e-01,1.024356227200163394e+00,2.015065376288222687e+00
2.866847038607187037e-01,1.032715307085762202e+00,2.016176316254440604e+00
2.822762670165789856e-01,1.041358372542584343e+00,2.017907914076982667e+00
2.778498841288337684e-01,1.050212822824404091e+00,2.019319901264208905e+00
2.733407482043940240e-01,1.059151915957394774e+00,2.020501509693899411e+00
2.687136014598932587e-01,1.068130123809003962e+00,2.021515678790652082e+00
2.640111236096544522e-01,1.077172975732240134e+00,2.022721119280299185e+00
2.593562998111116347e-01,1.086387087346974756e+00,2.023418380773606362e+00
2.546490613294793426e-01,1.095574297285138332e+00,2.024454972775644457e+00
2.498777173819677622e-01,1.104748571530870915e+00,2.025382883048460592e+00
2.450780699077121927e-01,1.113896186185329595e+00,2.026210412900476321e+00
2.404813959567538573e-01,1.123178028943434548e+00,2.026416480556141320e+00
2.357330879621052921e-01,1.132549595227218875e+00,2.026857391543837039e+00
2.309742892260400471e-01,1.142001668727228081e+00,2.027066666495978442e+00
2.260651810454825383e-01,1.151522827953424200e+00,2.027601887515514623e+00
2.212166483048506604e-01,1.161245010378973541e+00,2.027742160644640190e+00
2.164017445744134682e-01,1.171026133274202241e+00,2.028178266330041168e+00
2.114370522210977932e-01,1.180771662051544491e+00,2.029308411259659106e+00
2.063716122850343115e-01,1.190684541784874373e+00,2.029651215222742611e+00
2.012297535061773057e-01,1.200698893230230491e+00,2.029968671313494788e+00
1.961221884744624444e-01,1.210800169782386915e+00,2.030232400095242973e+00
1.909323184313194699e-01,1.221062040768506440e+00,2.029635649460843627e+00
1.860133381281092457e-01,1.231512357155337023e+00,2.029446986921637386e+00
1.808532358741168078e-01,1.241843001799741719e+00,2.029618429463852181e+00
1.755212667422131056e-01,1.252244951212705848e+00,2.029794882695886038e+00
1.701523116630829779e-01,1.262700559836875680e+00,2.029762186437412907e+00
1.647510005434970615e-01,1.273215247853471288e+00,2.029313405922457125e+00
1.596255759891999915e-01,1.283865158713554111e+00,2.029437866912266131e+00
1.544180573542490442e-01,1.294610792832031843e+00,2.029586871945774362e+00
1.490627342016658807e-01,1.305263388200721408e+00,2.030359271985122227e+00
1.437294480811764086e-01,1.316051055145816662e+00,2.030464288154800290e+00
1.383055139289285362e-01,1.326887422267740702e+00,2.030416672285860091e+00
1.330192849374030040e-01,1.337834300087005657e+00,2.029681126245519440e+00
1.275466385686632176e-01,1.348738197310288545e+00,2.029774335178265776e+00
1.220163125748979366e-01,1.359661335028398366e+00,2.029873179952547790e+00
1.166338010758393856e-01,1.370717360616603875e+00,2.029926661399616528e+00
1.112484475344521495e-01,1.381814327994488778e+00,2.029954585681637003e+00
1.057048778700313690e-01,1.392829844768741276e+00,2.030919659438526370e+00
1.001443419843125460e-01,1.404015154290026102e+00,2.030851262739018726e+00
9.467114077092983471e-02,1.415341036521836182e+00,2.030888168265692517e+00
8.895596096377987594e-02,1.426544825270231076e+00,2.030931210621865990e+00
8.316650488851309864e-02,1.437806840684629606e+00,2.030748684803565407e+00
7.757947211561050382e-02,1.449166128131942122e+00,2.029481757664000074e+00
7.189074882461560234e-02,1.460600562672119018e+00,2.029501343075608588e+00
6.608474728955091027e-02,1.472012156643096370e+00,2.030133170707054902e+00
6.060657616713255313e-02,1.483632763443199387e+00,2.029768553639854201e+00
5.493085369387131628e-02,1.495252941719819040e+00,2.029788620288922818e+00
4.906845736198450769e-02,1.506834277613617878e+00,2.029823774284955640e+00
4.316509918559534309e-02,1.518438294361587282e+00,2.029723293757879521e+00
3.744375859067974183e-02,1.530129603541598549e+00,2.028572992316447721e+00
3.159852219557048730e-02,1.541770022101797810e+00,2.028593521803550459e+00
2.594976864357670387e-02,1.553478651744616634e+00,2.027814448646282575e+00
2.014363504699762109e-02,1.565259501333786218e+00,2.027475455783998903e+00
1.400850545082655066e-02,1.577081029334145956e+00,2.027505457273287792e+00
8.255310995315208802e-03,1.589027691247705709e+00,2.027504906920473360e+00
2.484102852996690827e-03,1.600987817671447822e+00,2.025882875683953532e+00
-3.480712877529256247e-03,1.612837746517709725e+00,2.026036022043507856e+00
-9.924615915091366744e-03,1.624227072568229291e+00,2.028471883565277523e+00
-1.646970912999247069e-02,1.635676603112742766e+00,2.031144428569387816e+00
-2.297852191974672845e-02,1.647259125575383898e+00,2.034188968220309590e+00
-2.991227282307092061e-02,1.658584133278508732e+00,2.038679299459478234e+00
-3.696981077465032878e-02,1.669806227271848131e+00,2.044909848626791593e+00
-4.421106762675486301e-02,1.680961427065441161e+00,2.052552000037106694e+00
-5.154437103399008013e-02,1.691713911015644944e+00,2.060290537191793891e+00
-5.925288705592897387e-02,1.701797576403639489e+00,2.071447472002908352e+00
-6.704828580519751891e-02,1.711693444345784521e+00,2.082647028505592690e+00
-7.499438798684084084e-02,1.721349197396804698e+00,2.093309146360009532e+00
-8.314166569106803961e-02,1.730705449800213014e+00,2.102544707381516442e+00
-9.145596380816987947e-02,1.739760437384872516e+00,2.114514640811697710e+00
-9.982573858319920834e-02,1.748780406883898797e+00,2.126056739799336182e+00
-1.082924410844364610e-01,1.757518069851577325e+00,2.137313579358092852e+00
-1.169425377385343301e-01,1.765645137534942011e+00,2.152232470391039598e+00
-1.256039494420305991e-01,1.773774189527906886e+00,2.167157255609550415e+00
-1.342932632358230238e-01,1.781920346406062228e+00,2.181791240672648957e+00
-1.431898081898358710e-01,1.789698782326663240e+00,2.195417561903976633e+00
-1.522689778586341913e-01,1.796887028868549674e+00,2.211630604309766213e+00
-1.613487648822242160e-01,1.804018169208287059e+00,2.228197911429578681e+00
-1.705860280718128341e-01,1.811126389407235804e+00,2.244692037729844269e+00
-1.799376994780507721e-01,1.817932778398288596e+00,2.260268170309123192e+00
-1.893999044072733062e-01,1.823988136974132646e+00,2.278475996421639671e+00
-1.989055236977131103e-01,1.830079743192900565e+00,2.296291603194959841e+00
-2.085202177793166189e-01,1.835926773036212989e+00,2.314054830349155711e+00
-2.182998359038283709e-01,1.841290003826125954e+00,2.334406662167001212e+00
-2.281471767519873683e-01,1.846214145320898226e+00,2.354463316641746573e+00
-2.382347167332340976e-01,1.851163850844596892e+00,2.373703981289981613e+00
-2.483154463499241682e-01,1.856108558915369189e+00,2.392935055028777125e+00
-2.585837587031771245e-01,1.860105022984360756e+00,2.414708029653994004e+00
-2.688988385947958526e-01,1.863961945397297315e+00,2.436883839118389350e+00
-2.791566437571697534e-01,1.867422187543904544e+00,2.459409024838645763e+00
-2.894923133722711595e-01,1.870680320444237710e+00,2.481240357337297198e+00
-2.999771063461021958e-01,1.873604444593692797e+00,2.504937868673759560e+00
-3.104935575861897945e-01,1.876562458851088078e+00,2.528426423726434447e+00
-3.212672554058068064e-01,1.879093948411373782e+00,2.553037751909856823e+00
-3.318993958244403353e-01,1.881102742449006993e+00,2.577396087754834308e+00
-3.424861303029779203e-01,1.882956998134622140e+00,2.601846472879758121e+00
-3.530646644893057906e-01,1.884681407709438705e+00,2.625799359403727440e+00
-3.636173818785485290e-01,1.886149808946626871e+00,2.650547703295002222e+00
-3.741158947121764888e-01,1.887470992748613297e+00,2.675285670640717317e+00
-3.846441572819291888e-01,1.888399334922245654e+00,2.697669242009871571e+00
-3.954262285798762488e-01,1.889410975518155178e+00,2.720799252752680086e+00
-4.062713695202486153e-01,1.889812358806940651e+00,2.747640094723552640e+00
-4.167603185120900000e-01,1.889757894698294471e+00,2.774447316212500070e+00
-4.271599975769316271e-01,1.889543684459298323e+00,2.801516189668436407e+00
-4.375279863033549321e-01,1.889220591731904486e+00,2.829039960112990304e+00
-4.479229832129323352e-01,1.888556313516941865e+00,2.857479751633082099e+00
-4.580013124590848750e-01,1.887485340028886682e+00,2.886925783156628178e+00
-4.680087790822181626e-01,1.886082482923904902e+00,2.916879586218619647e+00
-4.778306194820522435e-01,1.884126831806985924e+00,2.946623725330203669e+00
-4.876086878729188889e-01,1.881819914541368322e+00,2.976403875123898146e+00
-4.970775964866990804e-01,1.879317617071622815e+00,3.005518940029110020e+00
-5.063368513344996824e-01,1.876561353603516391e+00,3.036736453401935432e+00
-5.153906582924356883e-01,1.873529908869004057e+00,3.066572622833115602e+00
-5.245232499000963555e-01,1.870435820649568814e+00,3.095453204513173073e+00
-5.331525185634242714e-01,1.866797119945250438e+00,3.121583543933821758e+00
-5.417218464269386580e-01,1.863086201320971025e+00,-3.135536467039841124e+00
-5.499037693089287027e-01,1.858943973954683360e+00,-3.113492899593204744e+00
-5.582087821729819765e-01,1.854709534391702608e+00,-3.091539468610930541e+00
-5.666405881409648515e-01,1.850362784134299776e+00,-3.070667731223344799e+00
-5.748509015955910462e-01,1.845812348006122150e+00,-3.050823077169027009e+00
-5.829346494678567803e-01,1.840774450615431990e+00,-3.028129244036146694e+00
-5.907368107247051858e-01,1.835549167419943783e+00,-3.004652073081474750e+00
-5.981721722350183956e-01,1.830106937353201957e+00,-2.981996610181932628e+00
-6.054865427826683355e-01,1.824304651730904725e+00,-2.958139962254303867e+00
-6.127015616051793012e-01,1.818252386046502744e+00,-2.933423668790692496e+00
-6.195797376247205168e-01,1.811933314303576958e+00,-2.907779457663608458e+00
-6.261983321713535666e-01,1.805296025520075842e+00,-2.883889126259084446e+00
-6.325227184331196906e-01,1.798554762564682941e+00,-2.859901165395956291e+00
-6.388838281776193506e-01,1.791722475720799457e+00,-2.836465071696978146e+00
-6.453169419057460665e-01,1.784797473522561795e+00,-2.814091267144090747e+00
-6.516514533725347169e-01,1.777404766216615917e+00,-2.788880506199872489e+00
-6.577115605369391327e-01,1.769788594342206256e+00,-2.762346932909032660e+00
-6.629298122235758317e-01,1.762060666908627837e+00,-2.736219722887526462e+00
-6.677800728620119086e-01,1.753960510070321055e+00,-2.713556540359681524e+00
-6.725993638382248285e-01,1.745819404642369843e+00,-2.690699905516332979e+00
-6.773651081963952825e-01,1.737649372386717017e+00,-2.667476547083785565e+00
-6.821184348005481235e-01,1.729224375185865581e+00,-2.642232666040828182e+00
-6.865810693339796655e-01,1.720668433886382243e+00,-2.617918296802453693e+00
-6.909610266333728879e-01,1.712048548273304327e+00,-2.593165958485140976e+00
-6.951714521925819179e-01,1.703378216137523271e+00,-2.567830295508536587e+00
-6.991948884285438259e-01,1.694577403477209421e+00,-2.541718381036364161e+00
-7.032000885920323130e-01,1.685557815368525114e+00,-2.515144966964749873e+00
-7.071027063939441248e-01,1.676431333260617773e+00,-2.488658227584588989e+00
-7.103852260473932922e-01,1.667116213039402606e+00,-2.462700642531064688e+00
-7.136917439823937670e-01,1.657773050167004047e+00,-2.436944963072078529e+00
-7.168191174113578423e-01,1.648374481653652746e+00,-2.409645238622398100e+00
-7.196822719665677548e-01,1.638773736789871815e+00,-2.382649171943213240e+00
-7.219901104058669139e-01,1.629103085148183139e+00,-2.355159147247756213e+00
-7.240932140688051133e-01,1.619273781558441705e+00,-2.327317208857325070e+00
-7.261749324560327068e-01,1.609294060209534249e+00,-2.299597481171335112e+00
-7.279514027633522399e-01,1.599270791436347983e+00,-2.271631276668278687e+00
-7.297237692557766442e-01,1.589254150472828364e+00,-2.243678336046375232e+00
-7.312091178047606110e-01,1.579104973238304455e+00,-2.213636436599425661e+00
-7.323411874355577611e-01,1.568729471495000638e+00,-2.183244399116520906e+00
-7.334568472682057028e-01,1.558354930632935398e+00,-2.152795213107624672e+00
-7.342951121886581722e-01,1.547941389951965618e+00,-2.121711951461868750e+00
-7.351084261812830256e-01,1.537404854724736980e+00,-2.091052340058895176e+00
-7.356012550132935424e-01,1.526795313905728868e+00,-2.058645954861432426e+00
-7.356496711466365968e-01,1.516271728288694831e+00,-2.025811499413704198e+00
-7.352839089628349090e-01,1.505743600018364603e+00,-1.992437032115065954e+00
-7.347658309694691248e-01,1.495193136679545010e+00,-1.958351257853781835e+00
-7.337980385220405077e-01,1.484750082687625650e+00,-1.924474458325460713e+00
-7.325260774959497789e-01,1.474334409594778572e+00,-1.889074105200971410e+00
-7.311793033844675715e-01,1.463951065583634081e+00,-1.853627058777750358e+00
-7.300527216683206921e-01,1.453395079249844013e+00,-1.820194443040144439e+00
-7.285069123085349263e-01,1.442902607087618305e+00,-1.786960663469463029e+00
-7.272018576748209284e-01,1.432050783618198597e+00,-1.758295530304417653e+00
-7.258525237531698870e-01,1.421056388030804918e+00,-1.732085257054269967e+00
-7.244961883162973626e-01,1.410008497542933226e+00,-1.708693288216274420e+00
-7.231025405016827667e-01,1.398998469117973098e+00,-1.686780614154530067e+00
-7.210703484933249641e-01,1.388560280952257253e+00,-1.665315653888268743e+00
-7.192250167081157830e-01,1.378204301466576798e+00,-1.645735997648628990e+00
-7.176597779837519120e-01,1.367901933855656171e+00,-1.627532114765753768e+00
-7.164110748684868746e-01,1.357773306927731127e+00,-1.612462930426439067e+00
-7.152746622263094212e-01,1.347847777833593552e+00,-1.599742515655208530e+00
-7.143102770819581560e-01,1.338198396878650387e+00,-1.589412726313905733e+00
-7.135537647590427524e-01,1.328888057221771168e+00,-1.581632822529407845e+00
-7.128033683193282233e-01,1.319853053000867416e+00,-1.574940943625086742e+00
-7.119343717643793479e-01,1.310963737306805932e+00,-1.569002311778941783e+00
-7.110566207783831638e-01,1.302355741638274500e+00,-1.563466237306812667e+00
-7.102228636959485586e-01,1.294134757507964695e+00,-1.559208906050025822e+00
-7.095024093516317798e-01,1.286114715599630642e+00,-1.555693463766129270e+00
-7.088013996004239869e-01,1.278360504025520150e+00,-1.552744882936722748e+00
-7.081249546637310432e-01,1.270922325292587196e+00,-1.549818542120975806e+00
-7.075250536809946089e-01,1.263808747942956501e+00,-1.547379019906015341e+00
-7.069436615103971144e-01,1.256793828756777254e+00,-1.544815643127747329e+00
-7.064937614427273527e-01,1.250101719798075939e+00,-1.542668004216228628e+00
-7.060911684130560806e-01,1.243637435568361926e+00,-1.540865369708805055e+00
-7.056917151321231430e-01,1.237453951524656981e+00,-1.539376843062560729e+00
-7.053418401692292949e-01,1.231539204038461177e+00,-1.537933028516710543e+00
-7.049700834959423679e-01,1.225813584124085365e+00,-1.536830068785172587e+00
-7.046324986325837036e-01,1.220368485667631564e+00,-1.535873328818372796e+00
-7.043743355835391240e-01,1.215047801486845103e+00,-1.534863879884717841e+00
-7.040749398117029934e-01,1.210060233649272510e+00,-1.534200548136462672e+00
-7.038189357879127694e-01,1.205211456382942137e+00,-1.533624272818787437e+00
-7.036419331888963402e-01,1.200584332301514845e+00,-1.532799297266472571e+00
-7.033787304718799316e-01,1.196145627223872410e+00,-1.532440784340027840e+00
-7.031669177474240140e-01,1.191927105446776158e+00,-1.531921062945766243e+00
-7.029221601292442445e-01,1.187899245786607327e+00,-1.531640977216573773e+00
-7.027300539738030594e-01,1.184108324540054547e+00,-1.531377910535243858e+00
-7.026008582522106360e-01,1.180476014873286461e+00,-1.530923075354806651e+00
-7.024129688537551486e-01,1.177017804938547574e+00,-1.530766439363276943e+00
-7.022538313203341431e-01,1.173755146936780625e+00,-1.530603900710625354e+00
-7.021403509273191901e-01,1.170650183214226425e+00,-1.530331467555823499e+00
-7.019808593953769105e-01,1.167689404995001068e+00,-1.530233521515818929e+00
-7.018437504693233464e-01,1.164913649305883814e+00,-1.530127855590948549e+00
-7.017307433308321851e-01,1.162290907975358500e+00,-1.530045901030959499e+00
-7.016386215232968127e-01,1.159815482491866945e+00,-1.529829296838747910e+00
-7.015108024177192370e-01,1.157467491977415053e+00,-1.529772598209345524e+00
-7.014076741258865599e-01,1.155290674489644065e+00,-1.529715430602574422e+00
-7.013207067684708029e-01,1.153248704158780003e+00,-1.529671464269599657e+00
-7.012521741314685642e-01,1.151345386839594198e+00,-1.529638211000781567e+00
-7.011882353513705368e-01,1.149597648928286420e+00,-1.529590352136575904e+00
-7.011122508487389604e-01,1.147971051948199817e+00,-1.529553523832817508e+00
-7.010360152230807884e-01,1.146520256410385130e+00,-1.529519300242926372e+00
-7.009745626424476184e-01,1.145207465250309475e+00,-1.529503534367294693e+00
-7.009184545101415642e-01,1.144003368216889083e+00,-1.529491297642056269e+00
-7.008664079977366956e-01,1.142888207149027613e+00,-1.529481415475344663e+00
-7.008177215618585087e-01,1.141845754534386748e+00,-1.529473347170718478e+00
-7.007868120686903124e-01,1.140896528474581562e+00,-1.529467131099748300e+00
-7.007595937880523040e-01,1.140026968771365556e+00,-1.529462405051897678e+00
-7.007273515660880081e-01,1.139231054080340089e+00,-1.529459239713473195e+00
-7.006962386094690576e-01,1.138491575738203920e+00,-1.529456664671364319e+00
-7.006677844337373395e-01,1.137865019580379888e+00,-1.529446860755187432e+00
-7.006443332214535857e-01,1.137337055229763028e+00,-1.529439813288659744e+00
-7.006248354211528362e-01,1.136896500597480708e+00,-1.529434493665547512e+00
-7.006087976649023608e-01,1.136533643182159770e+00,-1.529430484086555353e+00
-7.005958831678507082e-01,1.136240438444450218e+00,-1.529427466231495725e+00
-7.005857597185908281e-01,1.136009838363917224e+00,-1.529425196542449239e+00
-7.005782551064605457e-01,1.135837579371552275e+00,-1.529423496567264174e+00
-7.005731476377687894e-01,1.135718478382431895e+00,-1.529422221178485364e+00
-7.005700179284671814e-01,1.135646677239416258e+00,-1.529421160752000519e+00
-7.005687266850005868e-01,1.135617649801193618e+00,-1.529420478560451491e+00
-7.005685438442212920e-01,1.135615002767378368e+00,-1.529419786400206149e+00
-7.005684128405031963e-01,1.135614617159964368e+00,-1.529418757597348133e+00
-7.005682950682720067e-01,1.135614349868225403e+00,-1.529417750411335319e+00
-7.005681863277523069e-01,1.135614116408534269e+00,-1.529416798205091688e+00
-7.005680860621217310e-01,1.135613912157806826e+00,-1.529415899415208946e+00
-7.005679939033457870e-01,1.135613737297578973e+00,-1.529415051669427594e+00
-7.005679096366815850e-01,1.135613593113583564e+00,-1.529414253608617047e+00
-7.005678331506903778e-01,1.135613480109077589e+00,-1.529413504919244104e+00
-7.005677647795152119e-01,1.135613401825283475e+00,-1.529412805711311885e+00
-7.005677050310480380e-01,1.135613362442876362e+00,-1.529412158261733934e+00
-7.005676553450118638e-01,1.135613375283699211e+00,-1.529411568428254098e+00
-7.005676171640849992e-01,1.135613442909362725e+00,-1.529411042193250525e+00
-7.005675896440094474e-01,1.135613564559372568e+00,-1.529410566141873096e+00
-7.005675752043040161e-01,1.135613730732745630e+00,-1.529410149256834162e+00
-7.005676538779072038e-01,1.135613985922530933e+00,-1.529410440292884532e+00
-7.005677314521622234e-01,1.135614240764800664e+00,-1.529410721796271577e+00
-7.005678078269942377e-01,1.135614496113510841e+00,-1.529410995098150705e+00
-7.005678830792148037e-01,1.135614751068834805e+00,-1.529411260636573511e+00
-7.005679572731801086e-01,1.135615004856473487e+00,-1.529411518843836193e+00
-7.005680304656931590e-01,1.135615256822463781e+00,-1.529411770102399482e+00
-7.005681027070036482e-01,1.135615506415195819e+00,-1.529412014751373006e+00
-7.005681740417488701e-01,1.135615753168412567e+00,-1.529412253092362617e+00
-7.005682445097329847e-01,1.135615996687170171e+00,-1.529412485394591847e+00
-7.005683141291643157e-01,1.135616236430708526e+00,-1.529412711976984252e+00
-7.005683829047766320e-01,1.135616471787872506e+00,-1.529412933181332646e+00
-7.005684508616796258e-01,1.135616702438878578e+00,-1.529413149229856606e+00
-7.005685180234055842e-01,1.135616928080049659e+00,-1.529413360324189952e+00
-7.005685844113956895e-01,1.135617148440236646e+00,-1.529413566648242462e+00
-7.005686500452689147e-01,1.135617363275484237e+00,-1.529413768369980442e+00
-7.005687150944818198e-01,1.135617572396800723e+00,-1.529413965969353972e+00
-7.005687795986255129e-01,1.135617775650610062e+00,-1.529414159614126412e+00
-7.005688435738068875e-01,1.135617972948502086e+00,-1.529414349399650375e+00
-7.005689069853363593e-01,1.135618164063096236e+00,-1.529414535729640257e+00
-7.005689696417026768e-01,1.135618348247561471e+00,-1.529414720039373732e+00
-7.005690315517130173e-01,1.135618525315758687e+00,-1.529414902477308047e+00
-7.005690927242161914e-01,1.135618694961568975e+00,-1.529415083248251594e+00
-7.005691531668026828e-01,1.135618856893156225e+00,-1.529415262543049270e+00
-7.005692128859397627e-01,1.135619010823899266e+00,-1.529415440542537308e+00
-7.005692718870458746e-01,1.135619156471604496e+00,-1.529415617418449891e+00
-7.005693295572789081e-01,1.135619292598215146e+00,-1.529415807891773671e+00
-7.005693855973864625e-01,1.135619419627154514e+00,-1.529416018375855391e+00
-7.005694402283884070e-01,1.135619539657502175e+00,-1.529416242345339905e+00
-7.005694936304366349e-01,1.135619654433263070e+00,-1.529416474518875635e+00
-7.005695459311710449e-01,1.135619765166983264e+00,-1.529416711282298502e+00
-7.005695972747687517e-01,1.135619873150878423e+00,-1.529416948688696154e+00
-7.005696477680047884e-01,1.135619979309195671e+00,-1.529417183964818294e+00
-7.005696974384321152e-01,1.135620083834641525e+00,-1.529417416682840258e+00
-7.005697463092842581e-01,1.135620186851401536e+00,-1.529417646583298929e+00
-7.005697944010834677e-01,1.135620288456532956e+00,-1.529417873487041613e+00
-7.005698417322699934e-01,1.135620388727782037e+00,-1.529418097273056443e+00
-7.005698883197087889e-01,1.135620487728802308e+00,-1.529418317862325072e+00
-7.005699341790487811e-01,1.135620585512829184e+00,-1.529418535206429341e+00
-7.005699793249795526e-01,1.135620682125280556e+00,-1.529418749279487066e+00
-7.005700237714166390e-01,1.135620777605620635e+00,-1.529418960072373768e+00
-7.005700675316375303e-01,1.135620871988707981e+00,-1.529419167588544015e+00
-7.005701106183827021e-01,1.135620965305785379e+00,-1.529419371840970321e+00
-7.005701530439316649e-01,1.135621057585213256e+00,-1.529419572849871845e+00
-7.005701947540547980e-01,1.135621148289167381e+00,-1.529419772503989972e+00
-7.005702357430328986e-01,1.135621237299176745e+00,-1.529419971287117486e+00
-7.005702760468320855e-01,1.135621324876185279e+00,-1.529420168462761298e+00
-7.005703156920801700e-01,1.135621411206581000e+00,-1.529420363556816431e+00
-7.005703547002993803e-01,1.135621496424188193e+00,-1.529420556256003927e+00
-7.005703930895001985e-01,1.135621580626992699e+00,-1.529420746356058070e+00
-7.005704308752077614e-01,1.135621663888074284e+00,-1.529420933728057985e+00
-7.005704680722493194e-01,1.135621746272285959e+00,-1.529421118264922219e+00
-7.005705048045486327e-01,1.135621828783666132e+00,-1.529421296770844041e+00
-7.005705410949560896e-01,1.135621911551395469e+00,-1.529421468956099650e+00
-7.005705769172512198e-01,1.135621994243328325e+00,-1.529421635979856475e+00
-7.005706122559093307e-01,1.135622076616929599e+00,-1.529421798683595846e+00
-7.005706471035429983e-01,1.135622158515023461e+00,-1.529421957640718643e+00
-7.005706814580775488e-01,1.135622239837721592e+00,-1.529422113245900050e+00
-7.005707153208908800e-01,1.135622320522897910e+00,-1.529422265775593814e+00
-7.005707486955928820e-01,1.135622400533319754e+00,-1.529422415427843962e+00
-7.005707815872246336e-01,1.135622479848182209e+00,-1.529422562348488057e+00
-7.005708140017314900e-01,1.135622558457530573e+00,-1.529422706648436270e+00
-7.005708459456168047e-01,1.135622636358577964e+00,-1.529422848415081582e+00
-7.005708774257133342e-01,1.135622713553270602e+00,-1.529422987719861737e+00
-7.005709084490331362e-01,1.135622790046671549e+00,-1.529423124623284780e+00
-7.005709390226679822e-01,1.135622865845885565e+00,-1.529423259178280592e+00
-7.005709691537239658e-01,1.135622940959341465e+00,-1.529423391432445767e+00
-7.005709988492785367e-01,1.135623015396311386e+00,-1.529423521429554844e+00
-7.005710281163520792e-01,1.135623089166587052e+00,-1.529423649210584379e+00
-7.005710569618894823e-01,1.135623162280261500e+00,-1.529423774814410830e+00
-7.005710853927483717e-01,1.135623234747580979e+00,-1.529423898278290617e+00
-7.005711134156916708e-01,1.135623306578844360e+00,-1.529424019638189636e+00
